Start Time (Seconds),End Time (Seconds),Duration (Seconds),Component,Energy Consumption (Joule)
0,20.951,20.951,screen bright,17.9900538328
0,20.951,20.951,wifi running,0.26866053928
0,20.951,20.951,phone_scanning,10.4301503034
0.0,11.429076,11.429076,core 0 cpu_idle start,0.162327166428
11.429076,11.459593,0.0305170000065,core 0 cpu_idle,0.000433432951092
11.459593,11.460112,0.000518999993801,core 0 cpu_frequency,0.00050483264337
11.460112,12.012663,0.552551000001,core 0 cpu_idle,0.00784788185301
12.012663,12.012755,9.20000020415e-05,core 0 cpu_frequency,6.46991302357e-05
12.012755,12.158782,0.146026999981,core 0 cpu_idle,0.00207402148073
12.158782,12.159392,0.000610000017332,core 0 cpu_frequency,0.000428983366189
12.159392,12.208922,0.0495299999893,core 0 cpu_idle,0.000703474589848
12.208922,12.209776,0.000854000012623,core 0 cpu_frequency,0.000320908267943
12.209776,12.259093,0.0493169999972,core 0 cpu_idle,0.000700449350961
12.259093,12.265959,0.00686600001063,core 0 cpu_frequency,0.00370846255254
12.265959,12.358885,0.092925999983,core 0 cpu_idle,0.00131982797776
12.358885,12.358977,9.20000020415e-05,core 0 cpu_frequency,6.46991302357e-05
12.358977,12.408782,0.0498049999878,core 0 cpu_idle,0.000707380414827
12.408782,12.409026,0.000244000024395,core 0 cpu_frequency,0.000171593358756
12.409026,12.5119,0.102873999975,core 0 cpu_idle,0.00146111942164
12.5119,12.736022,0.224122000014,core 0 cpu_frequency,0.218004052131
12.736022,13.011809,0.275786999991,core 0 cpu_idle,0.00391700276088
13.011809,13.0119,9.0999994427e-05,core 0 cpu_frequency,4.91508987899e-05
13.0119,13.058898,0.0469980000053,core 0 cpu_idle,0.000667512594075
13.058898,13.104247,0.0453490000218,core 0 cpu_frequency,0.0223407857895
13.104247,13.113951,0.00970399999642,core 0 cpu_idle,0.000137825911949
13.113951,13.114012,6.09999988228e-05,core 0 cpu_frequency,5.93348574549e-05
13.114012,13.611907,0.497894999979,core 0 cpu_idle,0.0070716026847
13.611907,13.611937,3.0000024708e-05,core 0 cpu_frequency,2.10975593759e-05
13.611937,13.708739,0.0968019999855,core 0 cpu_idle,0.00137487880579
13.708739,13.7088,6.09999988228e-05,core 0 cpu_frequency,4.28983345721e-05
13.7088,13.864531,0.155731000006,core 0 cpu_idle,0.00221184739309
13.864531,13.867217,0.00268599999254,core 0 cpu_frequency,0.00188893325515
13.867217,13.908843,0.0416259999911,core 0 cpu_idle,0.000591214077873
13.908843,13.908934,9.10000235308e-05,core 0 cpu_frequency,3.41951516422e-05
13.908934,13.960234,0.0512999999919,core 0 cpu_idle,0.000728613899885
13.960234,13.960661,0.00042699999176,core 0 cpu_frequency,0.000230631150149
13.960661,14.00894,0.0482790000096,core 0 cpu_idle,0.000685706637137
14.00894,14.009001,6.09999988228e-05,core 0 cpu_frequency,4.28983345721e-05
14.009001,14.058775,0.0497739999846,core 0 cpu_idle,0.000706940121781
14.058775,14.058836,6.10000279266e-05,core 0 cpu_frequency,4.28983550394e-05
14.058836,14.108763,0.0499269999855,core 0 cpu_idle,0.000709113180794
14.108763,14.108794,3.10000032187e-05,core 0 cpu_frequency,2.18007956635e-05
14.108794,14.158904,0.050110000011,core 0 cpu_idle,0.000711712330157
14.158904,14.159026,0.000121999997646,core 0 cpu_frequency,5.8815027665e-05
14.159026,14.212554,0.0535279999895,core 0 cpu_idle,0.00076025818385
14.212554,14.213744,0.00119000000996,core 0 cpu_frequency,0.00115751610368
14.213744,14.611815,0.398071000003,core 0 cpu_idle,0.00565380241305
14.611815,14.611846,3.09999741148e-05,core 0 cpu_frequency,2.18007751962e-05
14.611846,14.858733,0.246887000016,core 0 cpu_idle,0.00350653606122
14.858733,14.858794,6.09999988228e-05,core 0 cpu_frequency,4.28983345721e-05
14.858794,14.908751,0.0499570000102,core 0 cpu_idle,0.000709539271145
14.908751,14.908782,3.09999741148e-05,core 0 cpu_frequency,2.18007751962e-05
14.908782,14.958739,0.0499570000102,core 0 cpu_idle,0.000709539271145
14.958739,14.959715,0.000976000010269,core 0 cpu_frequency,0.000686373373622
14.959715,15.013213,0.0534979999939,core 0 cpu_idle,0.000759832093913
15.013213,15.013243,2.99999956042e-05,core 0 cpu_frequency,2.10975389086e-05
15.013243,15.0661,0.0528570000024,core 0 cpu_idle,0.000750727971034
15.0661,15.066161,6.09999988228e-05,core 0 cpu_frequency,4.28983345721e-05
15.066161,15.262938,0.196777000005,core 0 cpu_idle,0.00279482373107
15.262938,15.377654,0.114716000011,core 0 cpu_frequency,0.111584551472
15.377654,15.810698,0.433043999976,core 0 cpu_idle,0.00615052393166
15.810698,15.810729,3.10000032187e-05,core 0 cpu_frequency,2.18007956635e-05
15.810729,15.958983,0.148254,core 0 cpu_idle,0.002105651562
15.958983,15.959227,0.000243999995291,core 0 cpu_frequency,0.000171593338289
15.959227,16.010436,0.0512090000266,core 0 cpu_idle,0.000727321427377
16.010436,16.011199,0.000762999989092,core 0 cpu_frequency,0.000536580810529
16.011199,16.158812,0.147613000008,core 0 cpu_idle,0.00209654743912
16.158812,16.159483,0.000670999987051,core 0 cpu_frequency,0.000471881680294
16.159483,16.259123,0.0996400000004,core 0 cpu_idle,0.00141518692001
16.259123,16.291228,0.0321049999911,core 0 cpu_frequency,0.0312286169644
16.291228,16.408873,0.11764500002,core 0 cpu_idle,0.00167091193529
16.408873,16.408904,3.10000032187e-05,core 0 cpu_frequency,2.18007956635e-05
16.408904,16.458739,0.0498349999834,core 0 cpu_idle,0.000707806504765
16.458739,16.458769,2.99999956042e-05,core 0 cpu_frequency,2.10975389086e-05
16.458769,16.508757,0.0499880000134,core 0 cpu_idle,0.00070997956419
16.508757,16.508788,3.10000032187e-05,core 0 cpu_frequency,2.18007956635e-05
16.508788,16.558775,0.0499869999767,core 0 cpu_idle,0.000709965360669
16.558775,16.559783,0.0010080000211,core 0 cpu_frequency,0.00070887742604
16.559783,16.658782,0.0989989999798,core 0 cpu_idle,0.00140608279671
16.658782,16.659117,0.000335000018822,core 0 cpu_frequency,0.000235589232237
16.659117,16.710326,0.0512089999975,core 0 cpu_idle,0.000727321426964
16.710326,16.710356,2.99999956042e-05,core 0 cpu_frequency,2.91810737242e-05
16.710356,17.008849,0.298493000009,core 0 cpu_idle,0.00423949607913
17.008849,17.015379,0.0065299999842,core 0 cpu_frequency,0.00459223163089
17.015379,17.058745,0.0433659999981,core 0 cpu_idle,0.000615927297972
17.058745,17.058775,2.99999956042e-05,core 0 cpu_frequency,2.10975389086e-05
17.058775,17.108794,0.0500190000166,core 0 cpu_idle,0.000710419857236
17.108794,17.108916,0.000121999997646,core 0 cpu_frequency,8.57966691443e-05
17.108916,17.208739,0.0998229999968,core 0 cpu_idle,0.00141778606895
17.208739,17.2088,6.09999988228e-05,core 0 cpu_frequency,4.28983345721e-05
17.2088,17.358763,0.149963000003,core 0 cpu_idle,0.00212992448905
17.358763,17.358794,3.10000032187e-05,core 0 cpu_frequency,2.18007956635e-05
17.358794,17.419219,0.0604250000033,core 0 cpu_idle,0.000858216275047
17.419219,17.458922,0.0397029999876,core 0 cpu_frequency,0.0279211903255
17.458922,17.467528,0.00860600001761,core 0 cpu_frequency,0.00837107859273
17.467528,18.012633,0.545104999997,core 0 cpu_idle,0.00774212631496
18.012633,18.013213,0.000579999992624,core 0 cpu_frequency,0.000407885806813
18.013213,18.058745,0.0455319999892,core 0 cpu_idle,0.000646690995846
18.058745,18.058806,6.09999988228e-05,core 0 cpu_frequency,4.28983345721e-05
18.058806,18.108763,0.0499570000102,core 0 cpu_idle,0.000709539271145
18.108763,18.108794,3.10000032187e-05,core 0 cpu_frequency,2.18007956635e-05
18.108794,18.158782,0.0499879999843,core 0 cpu_idle,0.000709979563777
18.158782,18.158965,0.000183000025572,core 0 cpu_frequency,0.000128695024184
18.158965,18.212767,0.0538019999804,core 0 cpu_idle,0.000764149805721
18.212767,18.212828,6.09999988228e-05,core 0 cpu_frequency,4.28983345721e-05
18.212828,18.308928,0.0960999999952,core 0 cpu_idle,0.00136490829993
18.308928,18.309874,0.000946000014665,core 0 cpu_frequency,0.000665275834713
18.309874,18.361723,0.0518490000104,core 0 cpu_idle,0.000736411347148
18.361723,18.361754,3.09999741148e-05,core 0 cpu_frequency,3.01537554214e-05
18.361754,18.808836,0.447082000028,core 0 cpu_idle,0.0063499056464
18.808836,18.808898,6.19999773335e-05,core 0 cpu_frequency,4.36015708597e-05
18.808898,18.908782,0.0998839999957,core 0 cpu_idle,0.00141865245194
18.908782,18.909483,0.000701000011759,core 0 cpu_frequency,0.000492979239669
18.909483,19.058928,0.149444999988,core 0 cpu_idle,0.00212256733483
19.058928,19.058989,6.09999988228e-05,core 0 cpu_frequency,4.28983345721e-05
19.058989,19.108733,0.0497440000181,core 0 cpu_idle,0.000706514032257
19.108733,19.108794,6.09999988228e-05,core 0 cpu_frequency,4.28983345721e-05
19.108794,19.158751,0.0499570000102,core 0 cpu_idle,0.000709539271145
19.158751,19.158812,6.09999988228e-05,core 0 cpu_frequency,4.28983345721e-05
19.158812,19.210753,0.0519409999833,core 0 cpu_idle,0.000737718022763
19.210753,19.210967,0.000213999999687,core 0 cpu_frequency,0.00015049579938
19.210967,19.308775,0.0978079999913,core 0 cpu_idle,0.00138916702388
19.308775,19.308806,3.10000032187e-05,core 0 cpu_frequency,2.18007956635e-05
19.308806,19.358733,0.0499270000146,core 0 cpu_idle,0.000709113181207
19.358733,19.358794,6.09999988228e-05,core 0 cpu_frequency,4.28983345721e-05
19.358794,19.408782,0.0499879999843,core 0 cpu_idle,0.000709979563777
19.408782,19.408812,3.0000024708e-05,core 0 cpu_frequency,2.10975593759e-05
19.408812,19.608763,0.199950999988,core 0 cpu_idle,0.00283990405283
19.608763,19.608794,3.10000032187e-05,core 0 cpu_frequency,2.18007956635e-05
19.608794,19.658812,0.050018000009,core 0 cpu_idle,0.000710405654128
19.658812,19.658904,9.20000020415e-05,core 0 cpu_frequency,3.45709143671e-05
19.658904,19.708922,0.0500179999799,core 0 cpu_idle,0.000710405653715
19.708922,19.726683,0.0177609999955,core 0 cpu_frequency,0.00959306776538
19.726683,19.761443,0.0347600000096,core 0 cpu_idle,0.000493696280136
19.761443,19.772063,0.0106200000155,core 0 cpu_frequency,0.0103301016271
19.772063,19.808836,0.0367729999998,core 0 cpu_idle,0.000522286918997
19.808836,19.808867,3.09999741148e-05,core 0 cpu_frequency,2.63546589937e-05
19.808867,19.858824,0.0499570000102,core 0 cpu_idle,0.000709539271145
19.858824,19.858885,6.09999988228e-05,core 0 cpu_frequency,4.28983345721e-05
19.858885,19.908751,0.0498660000158,core 0 cpu_idle,0.000708246798224
19.908751,19.908782,3.09999741148e-05,core 0 cpu_frequency,2.18007751962e-05
19.908782,20.008849,0.100067000021,core 0 cpu_idle,0.0014212516013
20.008849,20.008879,2.99999956042e-05,core 0 cpu_frequency,2.10975389086e-05
20.008879,20.261839,0.252959999983,core 0 cpu_idle,0.00359279087976
20.261839,20.290556,0.0287170000083,core 0 cpu_frequency,0.0279331005723
20.290556,20.408843,0.11828699999,core 0 cpu_idle,0.00168003026086
20.408843,20.410948,0.0021050000214,core 0 cpu_frequency,0.00148034421205
20.410948,20.559111,0.148163000005,core 0 cpu_idle,0.00210435908908
20.559111,20.559264,0.000153000000864,core 0 cpu_frequency,0.000107597464808
20.559264,20.658904,0.0996400000004,core 0 cpu_idle,0.00141518692001
20.658904,20.659056,0.00015199999325,core 0 cpu_frequency,0.000106894208053
20.659056,20.858733,0.199676999997,core 0 cpu_idle,0.00283601243096
20.858733,20.858794,6.09999988228e-05,core 0 cpu_frequency,4.28983345721e-05
20.858794,20.908751,0.0499570000102,core 0 cpu_idle,0.000709539271145
20.908751,20.908812,6.09999988228e-05,core 0 cpu_frequency,4.28983345721e-05
20.908812,20.958983,0.0501709999808,core 0 cpu_idle,0.000712578712727
20.958983,20.959075,9.20000020415e-05,core 0 cpu_frequency,4.05442904997e-05
20.959075,21.008971,0.0498960000114,core 0 cpu_idle,0.000708672888161
21.008971,21.009032,6.09999988228e-05,core 0 cpu_frequency,3.29473071642e-05
21.009032,21.058898,0.0498659999867,core 0 cpu_idle,0.00070824679781
21.058898,21.058928,2.99999956042e-05,core 0 cpu_frequency,2.10975389086e-05
21.058928,21.108733,0.0498050000169,core 0 cpu_idle,0.00070738041524
21.108733,21.108794,6.09999988228e-05,core 0 cpu_frequency,4.28983345721e-05
21.108794,21.158782,0.0499879999843,core 0 cpu_idle,0.000709979563777
21.158782,21.158843,6.09999988228e-05,core 0 cpu_frequency,4.28983345721e-05
21.158843,21.258788,0.0999450000236,core 0 cpu_idle,0.00141951883533
21.258788,21.258818,2.99999956042e-05,core 0 cpu_frequency,2.10975389086e-05
21.258818,21.308745,0.0499269999855,core 0 cpu_idle,0.000709113180794
21.308745,21.308806,6.09999988228e-05,core 0 cpu_frequency,4.28983345721e-05
21.308806,21.358824,0.050018000009,core 0 cpu_idle,0.000710405654128
21.358824,21.358916,9.20000020415e-05,core 0 cpu_frequency,3.45709143671e-05
21.358916,21.410246,0.0513299999875,core 0 cpu_idle,0.000729039989822
21.410246,21.41635,0.00610400000005,core 0 cpu_frequency,0.00329689125923
21.41635,21.459349,0.0429990000266,core 0 cpu_idle,0.000610714797378
21.459349,21.45938,3.09999741148e-05,core 0 cpu_frequency,2.18007751962e-05
21.45938,21.511778,0.0523979999998,core 0 cpu_idle,0.000744208793997
21.511778,21.511809,3.10000032187e-05,core 0 cpu_frequency,3.01537837308e-05
21.511809,21.612486,0.100677000009,core 0 cpu_idle,0.00142991543113
21.612486,21.612547,6.09999988228e-05,core 0 cpu_frequency,4.28983345721e-05
21.612547,21.909026,0.296479000011,core 0 cpu_idle,0.00421089123716
21.909026,21.909087,6.09999988228e-05,core 0 cpu_frequency,4.28983345721e-05
21.909087,21.958891,0.0498039999802,core 0 cpu_idle,0.000707366211719
21.958891,21.958922,3.10000032187e-05,core 0 cpu_frequency,2.18007956635e-05
21.958922,22.058928,0.100005999993,core 0 cpu_idle,0.0014203852179
22.058928,22.059111,0.000183000025572,core 0 cpu_frequency,0.000178004600674
22.059111,22.211577,0.152466,core 0 cpu_idle,0.00216547459799
22.211577,22.261504,0.0499269999855,core 0 cpu_frequency,0.0351112326376
22.261504,22.452147,0.190643000009,core 0 cpu_frequency,0.185438941781
22.452147,23.60919,1.15704299998,core 0 cpu_idle,0.0164334817288
23.60919,23.609252,6.20000064373e-05,core 0 cpu_frequency,4.3601591327e-05
23.609252,23.658751,0.0494990000152,core 0 cpu_idle,0.000703034297216
23.658751,23.658812,6.09999988228e-05,core 0 cpu_frequency,4.28983345721e-05
23.658812,23.808745,0.149932999979,core 0 cpu_idle,0.0021294983987
23.808745,23.808775,2.99999956042e-05,core 0 cpu_frequency,2.10975389086e-05
23.808775,23.858763,0.0499880000134,core 0 cpu_idle,0.00070997956419
23.858763,23.858794,3.10000032187e-05,core 0 cpu_frequency,2.18007956635e-05
23.858794,24.00894,0.150146,core 0 cpu_idle,0.002132523638
24.00894,24.069274,0.0603340000089,core 0 cpu_frequency,0.058687038677
24.069274,24.409056,0.339781999995,core 0 cpu_idle,0.00482592374594
24.409056,24.409087,3.10000032187e-05,core 0 cpu_frequency,2.18007956635e-05
24.409087,24.458739,0.049651999987,core 0 cpu_idle,0.000705207355815
24.458739,24.4588,6.09999988228e-05,core 0 cpu_frequency,4.28983345721e-05
24.4588,24.558775,0.0999749999901,core 0 cpu_idle,0.00141994492486
24.558775,24.558806,3.10000032187e-05,core 0 cpu_frequency,2.18007956635e-05
24.558806,24.608733,0.0499270000146,core 0 cpu_idle,0.000709113181207
24.608733,24.610289,0.00155600000289,core 0 cpu_frequency,0.00109425918043
24.610289,24.658751,0.0484620000061,core 0 cpu_idle,0.000688305786087
24.658751,24.658934,0.000182999996468,core 0 cpu_frequency,0.000128695003716
24.658934,24.759001,0.100066999992,core 0 cpu_idle,0.00142125160089
24.759001,24.762084,0.00308299998869,core 0 cpu_frequency,0.0029988421048
24.762084,24.808959,0.046875,core 0 cpu_idle,0.000665765625
24.808959,24.808989,2.99999956042e-05,core 0 cpu_frequency,2.10975389086e-05
24.808989,24.858794,0.0498050000169,core 0 cpu_idle,0.00070738041524
24.858794,24.858824,2.99999956042e-05,core 0 cpu_frequency,2.10975389086e-05
24.858824,24.958739,0.0999149999989,core 0 cpu_idle,0.00141909274498
24.958739,24.9588,6.09999988228e-05,core 0 cpu_frequency,4.28983345721e-05
24.9588,25.012145,0.053344999993,core 0 cpu_idle,0.0007576590349
25.012145,25.012206,6.09999988228e-05,core 0 cpu_frequency,4.28983345721e-05
25.012206,25.158782,0.146575999999,core 0 cpu_idle,0.00208181892799
25.158782,25.158812,3.0000024708e-05,core 0 cpu_frequency,2.10975593759e-05
25.158812,25.208769,0.0499569999811,core 0 cpu_idle,0.000709539270731
25.208769,25.20883,6.09999988228e-05,core 0 cpu_frequency,4.28983345721e-05
25.20883,25.258879,0.0500490000122,core 0 cpu_idle,0.000710845947174
25.258879,25.258971,9.20000020415e-05,core 0 cpu_frequency,3.45709143671e-05
25.258971,25.313811,0.0548399999971,core 0 cpu_idle,0.000778892519958
25.313811,25.318175,0.00436399999307,core 0 cpu_frequency,0.00424487413966
25.318175,25.811675,0.493500000011,core 0 cpu_idle,0.00700918050016
25.811675,25.811736,6.09999988228e-05,core 0 cpu_frequency,4.28983345721e-05
25.811736,25.858763,0.0470269999932,core 0 cpu_idle,0.000667924480904
25.858763,25.858794,3.10000032187e-05,core 0 cpu_frequency,2.18007956635e-05
25.858794,25.958861,0.100066999992,core 0 cpu_idle,0.00142125160089
25.958861,25.958922,6.09999988228e-05,core 0 cpu_frequency,4.28983345721e-05
25.958922,26.008788,0.0498660000158,core 0 cpu_idle,0.000708246798224
26.008788,26.008849,6.09999988228e-05,core 0 cpu_frequency,4.28983345721e-05
26.008849,26.058836,0.0499870000058,core 0 cpu_idle,0.000709965361082
26.058836,26.058928,9.19999729376e-05,core 0 cpu_frequency,4.43523037535e-05
26.058928,26.111388,0.0524600000062,core 0 cpu_idle,0.000745089380089
26.111388,26.112303,0.000915000011446,core 0 cpu_frequency,0.000494209623182
26.112303,26.208891,0.0965879999858,core 0 cpu_idle,0.0013718393638
26.208891,26.208952,6.09999988228e-05,core 0 cpu_frequency,4.28983345721e-05
26.208952,26.258849,0.049897000019,core 0 cpu_idle,0.000708687091269
26.258849,26.25894,9.0999994427e-05,core 0 cpu_frequency,3.41951407058e-05
26.25894,26.310484,0.0515439999872,core 0 cpu_idle,0.000732079431818
26.310484,26.316985,0.00650099999621,core 0 cpu_frequency,0.00351131881775
26.316985,26.408934,0.0919490000233,core 0 cpu_idle,0.00130595164733
26.408934,26.408995,6.09999988228e-05,core 0 cpu_frequency,4.28983345721e-05
26.408995,26.4588,0.0498049999878,core 0 cpu_idle,0.000707380414827
26.4588,26.475066,0.0162659999914,core 0 cpu_frequency,0.0114390872664
26.475066,26.512877,0.0378110000165,core 0 cpu_idle,0.000537029633235
26.512877,26.514342,0.00146500000847,core 0 cpu_frequency,0.00142500931723
26.514342,27.208952,0.694609999977,core 0 cpu_idle,0.00986554582967
27.208952,27.208983,3.10000032187e-05,core 0 cpu_frequency,2.18007956635e-05
0.0,11.415373,11.415373,core 1 cpu_idle start,0.162132542719
11.415373,12.00894,0.593567000004,core 1 cpu_idle,0.00843043210105
12.00894,12.008971,3.10000032187e-05,core 1 cpu_frequency,2.18007956635e-05
12.008971,12.118773,0.109801999992,core 1 cpu_idle,0.00155951780588
12.118773,12.118865,9.20000020415e-05,core 1 cpu_frequency,6.46991302357e-05
12.118865,12.158843,0.0399779999861,core 1 cpu_idle,0.000567807533803
12.158843,12.158873,3.0000024708e-05,core 1 cpu_frequency,2.10975593759e-05
12.158873,12.208769,0.0498959999823,core 1 cpu_idle,0.000708672887748
12.208769,12.208861,9.20000020415e-05,core 1 cpu_frequency,6.46991302357e-05
12.208861,12.408904,0.200043000019,core 1 cpu_idle,0.00284121072927
12.408904,12.408965,6.09999988228e-05,core 1 cpu_frequency,2.68826262812e-05
12.408965,12.458922,0.0499569999811,core 1 cpu_idle,0.000709539270731
12.458922,12.511656,0.0527339999971,core 1 cpu_frequency,0.0284826775317
12.511656,12.530028,0.0183720000205,core 1 cpu_frequency,0.0178704921871
12.530028,12.608855,0.0788269999903,core 1 cpu_idle,0.00111957988086
12.608855,12.608916,6.09999988228e-05,core 1 cpu_frequency,4.28983345721e-05
12.608916,12.658751,0.0498350000125,core 1 cpu_idle,0.000707806505178
12.658751,12.676238,0.0174869999755,core 1 cpu_frequency,0.0122977572146
12.676238,12.708952,0.0327140000009,core 1 cpu_idle,0.000464636942012
12.708952,12.710448,0.00149600001168,core 1 cpu_frequency,0.00145516310097
12.710448,12.808836,0.0983880000131,core 1 cpu_idle,0.00139740476419
12.808836,12.808867,3.09999741148e-05,core 1 cpu_frequency,2.18007751962e-05
12.808867,12.908751,0.0998840000248,core 1 cpu_idle,0.00141865245235
12.908751,12.908812,6.09999988228e-05,core 1 cpu_frequency,4.28983345721e-05
12.908812,12.958739,0.0499269999855,core 1 cpu_idle,0.000709113180794
12.958739,12.95883,9.0999994427e-05,core 1 cpu_frequency,6.39958734808e-05
12.95883,13.008757,0.0499270000146,core 1 cpu_idle,0.000709113181207
13.008757,13.008788,3.10000032187e-05,core 1 cpu_frequency,2.18007956635e-05
13.008788,13.058775,0.0499869999767,core 1 cpu_idle,0.000709965360669
13.058775,13.058836,6.10000279266e-05,core 1 cpu_frequency,4.28983550394e-05
13.058836,13.158751,0.0999149999989,core 1 cpu_idle,0.00141909274498
13.158751,13.158782,3.09999741148e-05,core 1 cpu_frequency,2.18007751962e-05
13.158782,13.258757,0.0999750000192,core 1 cpu_idle,0.00141994492527
13.258757,13.258818,6.09999988228e-05,core 1 cpu_frequency,4.28983345721e-05
13.258818,13.308745,0.0499269999855,core 1 cpu_idle,0.000709113180794
13.308745,13.308806,6.09999988228e-05,core 1 cpu_frequency,4.28983345721e-05
13.308806,13.409087,0.100281000021,core 1 cpu_idle,0.0014242910433
13.409087,13.409117,2.99999956042e-05,core 1 cpu_frequency,2.91810737242e-05
13.409117,13.608824,0.199706999992,core 1 cpu_idle,0.00283643852089
13.608824,13.608885,6.09999988228e-05,core 1 cpu_frequency,4.28983345721e-05
13.608885,13.658782,0.0498969999899,core 1 cpu_idle,0.000708687090856
13.658782,13.658812,3.0000024708e-05,core 1 cpu_frequency,2.10975593759e-05
13.658812,13.708769,0.0499569999811,core 1 cpu_idle,0.000709539270731
13.708769,13.7088,3.10000032187e-05,core 1 cpu_frequency,2.18007956635e-05
13.7088,13.758879,0.0500790000078,core 1 cpu_idle,0.000711272037111
13.758879,13.759215,0.000335999997333,core 1 cpu_frequency,0.000181480251359
13.759215,13.868865,0.109649999999,core 1 cpu_idle,0.00155735894998
13.868865,13.872588,0.00372300000163,core 1 cpu_frequency,0.00261820496334
13.872588,13.90985,0.037261999998,core 1 cpu_idle,0.000529232185972
13.90985,13.909941,9.0999994427e-05,core 1 cpu_frequency,3.41951407058e-05
13.909941,13.968932,0.0589909999981,core 1 cpu_idle,0.000837849172972
13.968932,13.975524,0.00659200001974,core 1 cpu_frequency,0.00356046973226
13.975524,14.058898,0.0833739999798,core 1 cpu_idle,0.00118416092171
14.058898,14.058959,6.09999988228e-05,core 1 cpu_frequency,4.28983345721e-05
14.058959,14.108763,0.0498040000093,core 1 cpu_idle,0.000707366212132
14.108763,14.108824,6.09999988228e-05,core 1 cpu_frequency,4.28983345721e-05
14.108824,14.158751,0.0499270000146,core 1 cpu_idle,0.000709113181207
14.158751,14.158873,0.000121999997646,core 1 cpu_frequency,8.57966691443e-05
14.158873,14.219023,0.0601499999757,core 1 cpu_idle,0.000854310449655
14.219023,14.219054,3.10000032187e-05,core 1 cpu_frequency,3.01537837308e-05
14.219054,14.608824,0.389770000009,core 1 cpu_idle,0.00553590331013
14.608824,14.608855,3.10000032187e-05,core 1 cpu_frequency,2.18007956635e-05
14.608855,14.658873,0.050018000009,core 1 cpu_idle,0.000710405654128
14.658873,14.658995,0.000121999997646,core 1 cpu_frequency,4.58440367153e-05
14.658995,14.708952,0.0499569999811,core 1 cpu_idle,0.000709539270731
14.708952,14.708983,3.10000032187e-05,core 1 cpu_frequency,2.18007956635e-05
14.708983,14.7619,0.0529169999936,core 1 cpu_idle,0.000751580150909
14.7619,14.762267,0.000367000000551,core 1 cpu_frequency,0.000356981854736
14.762267,15.008879,0.246612000017,core 1 cpu_idle,0.00350263023624
15.008879,15.009184,0.000304999994114,core 1 cpu_frequency,0.000259296049996
15.009184,15.063445,0.054261000012,core 1 cpu_idle,0.000770668983171
15.063445,15.063506,6.09999988228e-05,core 1 cpu_frequency,4.28983345721e-05
15.063506,15.263152,0.199645999994,core 1 cpu_idle,0.00283557213791
15.263152,15.263182,2.99999956042e-05,core 1 cpu_frequency,2.91810737242e-05
15.263182,15.80902,0.545837999991,core 1 cpu_idle,0.00775253711387
15.80902,15.809081,6.09999988228e-05,core 1 cpu_frequency,4.28983345721e-05
15.809081,15.910124,0.101043000002,core 1 cpu_idle,0.00143511372903
15.910124,15.913359,0.00323500001105,core 1 cpu_frequency,0.00314669292174
15.913359,16.010314,0.0969549999863,core 1 cpu_idle,0.00137705186481
16.010314,16.010344,3.0000024708e-05,core 1 cpu_frequency,2.10975593759e-05
16.010344,16.05905,0.0487060000014,core 1 cpu_idle,0.00069177131802
16.05905,16.059111,6.09999988228e-05,core 1 cpu_frequency,4.28983345721e-05
16.059111,16.25894,0.19982899999,core 1 cpu_idle,0.00283817128686
16.25894,16.28076,0.0218199999945,core 1 cpu_frequency,0.0212243707266
16.28076,16.608824,0.328064000001,core 1 cpu_idle,0.00465949299202
16.608824,16.608885,6.09999988228e-05,core 1 cpu_frequency,4.28983345721e-05
16.608885,16.668791,0.0599060000095,core 1 cpu_idle,0.000850844918135
16.668791,16.668852,6.09999988228e-05,core 1 cpu_frequency,4.28983345721e-05
16.668852,16.761321,0.0924689999956,core 1 cpu_idle,0.00131333720694
16.761321,16.764342,0.00302100001136,core 1 cpu_frequency,0.00212452248739
16.764342,16.808959,0.0446169999777,core 1 cpu_idle,0.000633695250684
16.808959,16.831389,0.0224300000118,core 1 cpu_frequency,0.0218177193295
16.831389,17.00894,0.177551000001,core 1 cpu_idle,0.00252175685301
17.00894,17.008971,3.10000032187e-05,core 1 cpu_frequency,2.63546837363e-05
17.008971,17.098845,0.0898739999975,core 1 cpu_idle,0.00127648042196
17.098845,17.098906,6.09999988228e-05,core 1 cpu_frequency,4.28983345721e-05
17.098906,17.158751,0.0598450000107,core 1 cpu_idle,0.000849978535152
17.158751,17.158782,3.09999741148e-05,core 1 cpu_frequency,2.18007751962e-05
17.158782,17.218749,0.0599670000083,core 1 cpu_idle,0.000851711301118
17.218749,17.255278,0.0365290000045,core 1 cpu_frequency,0.0256890703938
17.255278,17.260466,0.00518800001009,core 1 cpu_idle,7.36851641434e-05
17.260466,17.268279,0.00781300000381,core 1 cpu_frequency,0.0075997254175
17.268279,17.609068,0.34078899998,core 1 cpu_idle,0.00484022616671
17.609068,17.609129,6.09999988228e-05,core 1 cpu_frequency,4.28983345721e-05
17.609129,17.708769,0.0996400000004,core 1 cpu_idle,0.00141518692001
17.708769,17.710387,0.00161800000933,core 1 cpu_frequency,0.00113786077176
17.710387,17.758788,0.0484010000073,core 1 cpu_idle,0.000687439403104
17.758788,17.758849,6.09999988228e-05,core 1 cpu_frequency,4.28983345721e-05
17.758849,17.858733,0.0998839999957,core 1 cpu_idle,0.00141865245194
17.858733,17.858763,2.99999956042e-05,core 1 cpu_frequency,2.10975389086e-05
17.858763,17.908751,0.0499880000134,core 1 cpu_idle,0.00070997956419
17.908751,17.908812,6.09999988228e-05,core 1 cpu_frequency,4.28983345721e-05
17.908812,17.959715,0.0509029999957,core 1 cpu_idle,0.00072297530894
17.959715,17.963439,0.00372399998014,core 1 cpu_frequency,0.00261890819963
17.963439,18.016936,0.0534970000153,core 1 cpu_idle,0.000759817891218
18.016936,18.018401,0.00146500000847,core 1 cpu_frequency,0.00142500931723
18.018401,18.212615,0.194213999988,core 1 cpu_idle,0.00275842144183
18.212615,18.213072,0.000456999987364,core 1 cpu_frequency,0.000236078607272
18.213072,18.25894,0.0458680000156,core 1 cpu_idle,0.000651463204222
18.25894,18.259032,9.20000020415e-05,core 1 cpu_frequency,4.43523177842e-05
18.259032,18.308928,0.0498959999823,core 1 cpu_idle,0.000708672887748
18.308928,18.314909,0.00598100002389,core 1 cpu_frequency,0.00323045653671
18.314909,18.36151,0.04660099998,core 1 cpu_idle,0.000661874002716
18.36151,18.3674,0.00589000000036,core 1 cpu_frequency,0.00572921831435
18.3674,18.810149,0.442749000009,core 1 cpu_idle,0.00628836404713
18.810149,18.81021,6.09999988228e-05,core 1 cpu_frequency,4.28983345721e-05
18.81021,18.858824,0.0486139999994,core 1 cpu_idle,0.000690464641991
18.858824,18.858916,9.20000020415e-05,core 1 cpu_frequency,3.45709143671e-05
18.858916,18.908934,0.050018000009,core 1 cpu_idle,0.000710405654128
18.908934,18.914732,0.00579799999832,core 1 cpu_frequency,0.00313161459949
18.914732,19.010283,0.0955510000058,core 1 cpu_idle,0.00135711085308
19.010283,19.011961,0.00167800000054,core 1 cpu_frequency,0.00118005584958
19.011961,19.068755,0.0567939999746,core 1 cpu_idle,0.000806645181639
19.068755,19.068785,3.0000024708e-05,core 1 cpu_frequency,2.10975593759e-05
19.068785,19.210661,0.14187599998,core 1 cpu_idle,0.00201506482771
19.210661,19.21234,0.00167900000815,core 1 cpu_frequency,0.00118075910633
19.21234,19.308775,0.0964349999849,core 1 cpu_idle,0.00136966630479
19.308775,19.308806,3.10000032187e-05,core 1 cpu_frequency,2.18007956635e-05
19.308806,19.358733,0.0499270000146,core 1 cpu_idle,0.000709113181207
19.358733,19.358794,6.09999988228e-05,core 1 cpu_frequency,4.28983345721e-05
19.358794,19.408751,0.0499570000102,core 1 cpu_idle,0.000709539271145
19.408751,19.413878,0.00512699998217,core 1 cpu_frequency,0.00360556991526
19.413878,19.608733,0.194855000009,core 1 cpu_idle,0.00276752556513
19.608733,19.608794,6.09999988228e-05,core 1 cpu_frequency,4.28983345721e-05
19.608794,19.658843,0.0500489999831,core 1 cpu_idle,0.00071084594676
19.658843,19.658965,0.000122000026749,core 1 cpu_frequency,4.58440476517e-05
19.658965,19.709044,0.0500789999787,core 1 cpu_idle,0.000711272036698
19.709044,19.709349,0.000305000023218,core 1 cpu_frequency,0.00016473655154
19.709349,19.761656,0.0523069999763,core 1 cpu_idle,0.000742916320663
19.761656,19.828154,0.0664980000001,core 1 cpu_frequency,0.0646827774949
19.828154,20.012297,0.18414300002,core 1 cpu_idle,0.00261538302929
20.012297,20.012358,6.09999988228e-05,core 1 cpu_frequency,4.28983345721e-05
20.012358,20.058836,0.0464780000038,core 1 cpu_idle,0.000660127034055
20.058836,20.058928,9.19999729376e-05,core 1 cpu_frequency,3.45709034308e-05
20.058928,20.108916,0.0499880000134,core 1 cpu_idle,0.00070997956419
20.108916,20.109068,0.00015199999325,core 1 cpu_frequency,8.20982059541e-05
20.109068,20.160368,0.0512999999919,core 1 cpu_idle,0.000728613899885
20.160368,20.161681,0.00131300001522,core 1 cpu_frequency,0.000923369098901
20.161681,20.261656,0.0999749999901,core 1 cpu_idle,0.00141994492486
20.261656,20.277251,0.0155950000044,core 1 cpu_frequency,0.0151692970513
20.277251,20.411955,0.134703999996,core 1 cpu_idle,0.00191320091195
20.411955,20.411986,3.10000032187e-05,core 1 cpu_frequency,2.18007956635e-05
20.411986,20.46881,0.0568239999993,core 1 cpu_idle,0.00080707127199
20.46881,20.468871,6.09999988228e-05,core 1 cpu_frequency,4.28983345721e-05
20.468871,20.508849,0.0399780000153,core 1 cpu_idle,0.000567807534217
20.508849,20.50891,6.09999988228e-05,core 1 cpu_frequency,4.28983345721e-05
20.50891,20.568785,0.0598750000063,core 1 cpu_idle,0.000850404625089
20.568785,20.57202,0.00323499998194,core 1 cpu_frequency,0.0022750182663
20.57202,20.610014,0.037994000013,core 1 cpu_idle,0.000539628782184
20.610014,20.610045,3.10000032187e-05,core 1 cpu_frequency,2.18007956635e-05
20.610045,20.858733,0.248687999992,core 1 cpu_idle,0.00353211566389
20.858733,20.858794,6.09999988228e-05,core 1 cpu_frequency,4.28983345721e-05
20.858794,20.908751,0.0499570000102,core 1 cpu_idle,0.000709539271145
20.908751,20.908812,6.09999988228e-05,core 1 cpu_frequency,4.28983345721e-05
20.908812,20.958891,0.0500789999787,core 1 cpu_idle,0.000711272036698
20.958891,20.958983,9.20000020415e-05,core 1 cpu_frequency,4.05442904997e-05
20.958983,21.016234,0.0572510000202,core 1 cpu_idle,0.000813135953287
21.016234,21.016509,0.00027499999851,core 1 cpu_frequency,0.000148532944195
21.016509,21.108855,0.0923459999904,core 1 cpu_idle,0.00131159023786
21.108855,21.108916,6.09999988228e-05,core 1 cpu_frequency,4.28983345721e-05
21.108916,21.158782,0.0498659999867,core 1 cpu_idle,0.00070824679781
21.158782,21.158843,6.09999988228e-05,core 1 cpu_frequency,4.28983345721e-05
21.158843,21.308745,0.149902000005,core 1 cpu_idle,0.00212905810607
21.308745,21.308806,6.09999988228e-05,core 1 cpu_frequency,4.28983345721e-05
21.308806,21.360198,0.051392000023,core 1 cpu_idle,0.000729920576327
21.360198,21.360991,0.000792999984697,core 1 cpu_frequency,0.000297986238649
21.360991,21.410613,0.0496219999914,core 1 cpu_idle,0.000704781265877
21.410613,21.410674,6.09999988228e-05,core 1 cpu_frequency,4.28983345721e-05
21.410674,21.511595,0.100921000005,core 1 cpu_idle,0.00143338096307
21.511595,21.511931,0.000335999997333,core 1 cpu_frequency,0.000326828071006
21.511931,21.608824,0.096893000009,core 1 cpu_idle,0.00137617127913
21.608824,21.608885,6.09999988228e-05,core 1 cpu_frequency,4.28983345721e-05
21.608885,21.658873,0.0499880000134,core 1 cpu_idle,0.00070997956419
21.658873,21.659239,0.000365999992937,core 1 cpu_frequency,0.000137532110146
21.659239,21.711455,0.052216000011,core 1 cpu_idle,0.000741623848156
21.711455,21.711669,0.000213999999687,core 1 cpu_frequency,0.00015049579938
21.711669,21.918791,0.207121999993,core 1 cpu_idle,0.00294175376589
21.918791,21.91931,0.000518999993801,core 1 cpu_frequency,0.000364987472241
21.91931,21.958891,0.03958099999,core 1 cpu_idle,0.000562168942858
21.958891,21.959746,0.000855000020238,core 1 cpu_frequency,0.000376797482919
21.959746,22.013884,0.0541379999777,core 1 cpu_idle,0.000768922013683
22.013884,22.021788,0.00790399999823,core 1 cpu_frequency,0.00768824134868
22.021788,22.20883,0.187042000005,core 1 cpu_idle,0.00265655752607
22.20883,22.210661,0.0018310000014,core 1 cpu_frequency,0.00128765331439
22.210661,22.308745,0.0980839999975,core 1 cpu_idle,0.00139308705196
22.308745,22.308775,2.99999956042e-05,core 1 cpu_frequency,2.10975389086e-05
22.308775,22.358733,0.0499580000178,core 1 cpu_idle,0.000709553474253
22.358733,22.358763,2.99999956042e-05,core 1 cpu_frequency,2.10975389086e-05
22.358763,22.708739,0.349975999998,core 1 cpu_idle,0.00497070912797
22.708739,22.708769,2.99999956042e-05,core 1 cpu_frequency,2.10975389086e-05
22.708769,22.758757,0.0499880000134,core 1 cpu_idle,0.00070997956419
22.758757,22.758788,3.10000032187e-05,core 1 cpu_frequency,2.18007956635e-05
22.758788,22.908843,0.150054999976,core 1 cpu_idle,0.00213123116467
22.908843,22.909239,0.000396000017645,core 1 cpu_frequency,0.000278487566809
22.909239,23.258757,0.349518000003,core 1 cpu_idle,0.00496420415404
23.258757,23.258788,3.10000032187e-05,core 1 cpu_frequency,2.18007956635e-05
23.258788,23.359862,0.101073999977,core 1 cpu_idle,0.00143555402167
23.359862,23.360259,0.000397000025259,core 1 cpu_frequency,0.000279190823564
23.360259,23.408934,0.0486749999982,core 1 cpu_idle,0.000691331024974
23.408934,23.712431,0.303496999986,core 1 cpu_frequency,0.295212320979
23.712431,25.012023,1.299592,core 1 cpu_idle,0.0184581051759
25.012023,25.012084,6.09999988228e-05,core 1 cpu_frequency,4.28983345721e-05
25.012084,25.058806,0.0467219999991,core 1 cpu_idle,0.000663592565988
25.058806,25.058867,6.09999988228e-05,core 1 cpu_frequency,4.28983345721e-05
25.058867,25.158873,0.100006000022,core 1 cpu_idle,0.00142038521832
25.158873,25.158904,3.10000032187e-05,core 1 cpu_frequency,2.18007956635e-05
25.158904,25.208769,0.049864999979,core 1 cpu_idle,0.000708232594702
25.208769,25.2088,3.10000032187e-05,core 1 cpu_frequency,2.18007956635e-05
25.2088,25.260741,0.0519410000124,core 1 cpu_idle,0.000737718023177
25.260741,25.260863,0.000121999997646,core 1 cpu_frequency,4.58440367153e-05
25.260863,25.309935,0.0490719999943,core 1 cpu_idle,0.00069696961592
25.309935,25.310149,0.000213999999687,core 1 cpu_frequency,0.000115585637031
25.310149,25.360686,0.0505370000028,core 1 cpu_idle,0.00071777701104
25.360686,25.360747,6.09999988228e-05,core 1 cpu_frequency,4.28983345721e-05
25.360747,25.408751,0.0480040000111,core 1 cpu_idle,0.000681800812158
25.408751,25.408812,6.09999988228e-05,core 1 cpu_frequency,4.28983345721e-05
25.408812,25.458739,0.0499269999855,core 1 cpu_idle,0.000709113180794
25.458739,25.458769,2.99999956042e-05,core 1 cpu_frequency,2.10975389086e-05
25.458769,25.508757,0.0499880000134,core 1 cpu_idle,0.00070997956419
25.508757,25.508849,9.20000020415e-05,core 1 cpu_frequency,6.46991302357e-05
25.508849,25.658812,0.149963000003,core 1 cpu_idle,0.00212992448905
25.658812,25.658843,3.09999741148e-05,core 1 cpu_frequency,2.18007751962e-05
25.658843,25.815947,0.157104000013,core 1 cpu_idle,0.00223134811218
25.815947,25.815978,3.10000032187e-05,core 1 cpu_frequency,2.18007956635e-05
25.815978,25.858794,0.042816000001,core 1 cpu_idle,0.000608115648015
25.858794,25.85919,0.000395999988541,core 1 cpu_frequency,0.000278487546341
25.85919,25.918791,0.0596010000154,core 1 cpu_idle,0.000846513003219
25.918791,25.918822,3.10000032187e-05,core 1 cpu_frequency,2.18007956635e-05
25.918822,25.968749,0.0499269999855,core 1 cpu_idle,0.000709113180794
25.968749,25.96881,6.09999988228e-05,core 1 cpu_frequency,4.28983345721e-05
25.96881,26.008849,0.0400390000141,core 1 cpu_idle,0.0005686739172
26.008849,26.00894,9.0999994427e-05,core 1 cpu_frequency,3.41951407058e-05
26.00894,26.109038,0.100097999995,core 1 cpu_idle,0.00142169189393
26.109038,26.114104,0.00506600001245,core 1 cpu_frequency,0.00273624691352
26.114104,26.158904,0.0448000000033,core 1 cpu_idle,0.000636294400047
26.158904,26.158934,2.99999956042e-05,core 1 cpu_frequency,2.10975389086e-05
26.158934,26.208769,0.0498349999834,core 1 cpu_idle,0.000707806504765
26.208769,26.2088,3.10000032187e-05,core 1 cpu_frequency,2.18007956635e-05
26.2088,26.258757,0.0499570000102,core 1 cpu_idle,0.000709539271145
26.258757,26.259001,0.000243999995291,core 1 cpu_frequency,0.000171593338289
26.259001,26.508879,0.249878000002,core 1 cpu_idle,0.00354901723403
26.508879,26.510863,0.00198400000227,core 1 cpu_frequency,0.00107159768442
26.510863,26.609068,0.0982049999875,core 1 cpu_idle,0.00139480561482
26.609068,26.669737,0.0606689999986,core 1 cpu_frequency,0.059012894038
26.669737,27.209044,0.539306999999,core 1 cpu_idle,0.00765977732099
27.209044,27.211272,0.00222799999756,core 1 cpu_frequency,0.00189413642592
0.0,11.415221,11.415221,core 2 cpu_idle start,0.162130383863
11.415221,12.008849,0.593628000002,core 2 cpu_idle,0.00843129848403
12.008849,12.009001,0.00015199999325,core 2 cpu_frequency,0.000106894208053
12.009001,13.458739,1.449738,core 2 cpu_idle,0.0205906288139
13.458739,13.458769,2.99999956042e-05,core 2 cpu_frequency,2.10975389086e-05
13.458769,13.598753,0.139984000009,core 2 cpu_idle,0.00198819275212
13.598753,13.598784,3.10000032187e-05,core 2 cpu_frequency,2.18007956635e-05
13.598784,13.611937,0.0131530000072,core 2 cpu_idle,0.000186812059102
13.611937,13.611998,6.09999988228e-05,core 2 cpu_frequency,4.28983345721e-05
13.611998,13.66043,0.0484319999814,core 2 cpu_idle,0.000687879695736
13.66043,13.660491,6.09999988228e-05,core 2 cpu_frequency,4.28983345721e-05
13.660491,13.708739,0.0482480000064,core 2 cpu_idle,0.000685266344091
13.708739,13.7088,6.09999988228e-05,core 2 cpu_frequency,4.28983345721e-05
13.7088,14.458739,0.749939000001,core 2 cpu_idle,0.010651383617
14.458739,14.4588,6.09999988228e-05,core 2 cpu_frequency,4.28983345721e-05
14.4588,14.508757,0.0499570000102,core 2 cpu_idle,0.000709539271145
14.508757,14.508788,3.10000032187e-05,core 2 cpu_frequency,2.18007956635e-05
14.508788,14.558745,0.0499569999811,core 2 cpu_idle,0.000709539270731
14.558745,14.558775,2.99999956042e-05,core 2 cpu_frequency,2.10975389086e-05
14.558775,14.608824,0.0500490000122,core 2 cpu_idle,0.000710845947174
14.608824,14.608855,3.10000032187e-05,core 2 cpu_frequency,2.18007956635e-05
14.608855,15.509062,0.900206999999,core 2 cpu_idle,0.012785640021
15.509062,15.513396,0.00433399999747,core 2 cpu_frequency,0.00421569306594
15.513396,15.808928,0.295531999989,core 2 cpu_idle,0.00419744099585
15.808928,15.809264,0.000336000026437,core 2 cpu_frequency,0.000236292488992
15.809264,15.95883,0.149565999978,core 2 cpu_idle,0.00212428589769
15.95883,15.958891,6.09999988228e-05,core 2 cpu_frequency,4.28983345721e-05
15.958891,16.010405,0.0515140000207,core 2 cpu_idle,0.000731653342294
16.010405,16.010466,6.09999988228e-05,core 2 cpu_frequency,4.28983345721e-05
16.010466,16.229704,0.219237999991,core 2 cpu_idle,0.00311383731387
16.229704,16.233733,0.00402900000336,core 2 cpu_frequency,0.00391901877866
16.233733,16.610045,0.376312000008,core 2 cpu_idle,0.00534475933611
16.610045,16.610076,3.09999741148e-05,core 2 cpu_frequency,2.18007751962e-05
16.610076,16.658782,0.0487060000014,core 2 cpu_idle,0.00069177131802
16.658782,16.679595,0.0208130000101,core 2 cpu_frequency,0.0146367713953
16.679595,16.710112,0.0305170000065,core 2 cpu_idle,0.000433432951092
16.710112,16.710173,6.09999988228e-05,core 2 cpu_frequency,5.93348574549e-05
16.710173,17.220824,0.51065099999,core 2 cpu_idle,0.00725277615285
17.220824,17.220915,9.0999994427e-05,core 2 cpu_frequency,6.39958734808e-05
17.220915,18.658751,1.43783600003,core 2 cpu_idle,0.0204215847084
18.658751,18.658782,3.09999741148e-05,core 2 cpu_frequency,2.18007751962e-05
18.658782,18.708739,0.0499570000102,core 2 cpu_idle,0.000709539271145
18.708739,18.708861,0.000121999997646,core 2 cpu_frequency,8.57966691443e-05
18.708861,18.758757,0.0498960000114,core 2 cpu_idle,0.000708672888161
18.758757,18.758788,3.10000032187e-05,core 2 cpu_frequency,2.18007956635e-05
18.758788,18.810179,0.0513909999863,core 2 cpu_idle,0.000729906372806
18.810179,18.81024,6.09999988228e-05,core 2 cpu_frequency,4.28983345721e-05
18.81024,18.858794,0.0485540000082,core 2 cpu_idle,0.000689612462116
18.858794,18.858885,9.0999994427e-05,core 2 cpu_frequency,3.41951407058e-05
18.858885,18.960845,0.10196,core 2 cpu_idle,0.00144813788
18.960845,19.010161,0.0493159999896,core 2 cpu_frequency,0.0266365480512
19.010161,19.014159,0.00399800000014,core 2 cpu_frequency,0.00388886499493
19.014159,19.210326,0.196167000016,core 2 cpu_idle,0.00278615990123
19.210326,19.228026,0.0176999999967,core 2 cpu_frequency,0.0124475497777
19.228026,19.258788,0.0307620000094,core 2 cpu_idle,0.000436912686134
19.258788,19.258818,2.99999956042e-05,core 2 cpu_frequency,2.10975389086e-05
19.258818,19.308775,0.0499569999811,core 2 cpu_idle,0.000709539270731
19.308775,19.311705,0.00293000001693,core 2 cpu_frequency,0.00206052661391
19.311705,19.358733,0.0470280000009,core 2 cpu_idle,0.000667938684012
19.358733,19.358794,6.09999988228e-05,core 2 cpu_frequency,4.28983345721e-05
19.358794,19.408812,0.050018000009,core 2 cpu_idle,0.000710405654128
19.408812,19.409026,0.000213999999687,core 2 cpu_frequency,8.04149510824e-05
19.409026,19.458952,0.0499259999779,core 2 cpu_idle,0.000709098977686
19.458952,19.458983,3.10000032187e-05,core 2 cpu_frequency,1.67437155385e-05
19.458983,19.50891,0.0499270000146,core 2 cpu_idle,0.000709113181207
19.50891,19.514189,0.00527900000452,core 2 cpu_frequency,0.00371246414378
19.514189,19.608763,0.0945739999879,core 2 cpu_idle,0.00134323452183
19.608763,19.61389,0.00512700001127,core 2 cpu_frequency,0.00360556993573
19.61389,19.658782,0.0448919999762,core 2 cpu_idle,0.000637601075663
19.658782,19.658812,3.0000024708e-05,core 2 cpu_frequency,2.10975593759e-05
19.658812,19.761199,0.102386999992,core 2 cpu_idle,0.00145420256088
19.761199,19.762938,0.00173899999936,core 2 cpu_frequency,0.00169152982078
19.762938,20.008849,0.245911000005,core 2 cpu_idle,0.00349267393308
20.008849,20.016722,0.00787299999502,core 2 cpu_frequency,0.00553669826869
20.016722,20.358702,0.341979999997,core 2 cpu_idle,0.00485714193996
20.358702,20.369017,0.0103149999923,core 2 cpu_frequency,0.00725403818556
20.369017,20.568785,0.19976800002,core 2 cpu_idle,0.00283730490429
20.568785,20.575163,0.00637799999095,core 2 cpu_frequency,0.00448533742283
20.575163,20.658965,0.0838020000083,core 2 cpu_idle,0.00119023980612
20.658965,20.674773,0.0158079999965,core 2 cpu_frequency,0.0111169981287
20.674773,20.858763,0.18398999999,core 2 cpu_idle,0.00261320996986
20.858763,20.858824,6.09999988228e-05,core 2 cpu_frequency,4.28983345721e-05
20.858824,20.908812,0.0499880000134,core 2 cpu_idle,0.00070997956419
20.908812,20.908873,6.09999988228e-05,core 2 cpu_frequency,2.29220183576e-05
20.908873,21.05905,0.150177000003,core 2 cpu_idle,0.00213296393105
21.05905,21.059081,3.09999741148e-05,core 2 cpu_frequency,2.18007751962e-05
21.059081,21.108855,0.0497740000137,core 2 cpu_idle,0.000706940122195
21.108855,21.108916,6.09999988228e-05,core 2 cpu_frequency,4.28983345721e-05
21.108916,21.20883,0.0999139999913,core 2 cpu_idle,0.00141907854188
21.20883,21.209166,0.000335999997333,core 2 cpu_frequency,0.000126258987798
21.209166,21.25894,0.0497740000137,core 2 cpu_idle,0.000706940122195
21.25894,21.259001,6.09999988228e-05,core 2 cpu_frequency,3.29473071642e-05
21.259001,22.109099,0.850097999995,core 2 cpu_idle,0.0120739418939
22.109099,22.10916,6.09999988228e-05,core 2 cpu_frequency,4.28983345721e-05
22.10916,22.158751,0.0495910000172,core 2 cpu_idle,0.000704340973245
22.158751,22.158812,6.09999988228e-05,core 2 cpu_frequency,4.28983345721e-05
22.158812,22.308745,0.149932999979,core 2 cpu_idle,0.0021294983987
22.308745,22.308775,2.99999956042e-05,core 2 cpu_frequency,2.10975389086e-05
22.308775,22.358733,0.0499580000178,core 2 cpu_idle,0.000709553474253
22.358733,22.358763,2.99999956042e-05,core 2 cpu_frequency,2.10975389086e-05
22.358763,22.558959,0.200195999991,core 2 cpu_idle,0.00284338378787
22.558959,22.696044,0.137085000024,core 2 cpu_frequency,0.133342935944
22.696044,23.618834,0.922789999982,core 2 cpu_idle,0.0131063863697
23.618834,23.618895,6.09999988228e-05,core 2 cpu_frequency,4.28983345721e-05
23.618895,23.658751,0.0398560000176,core 2 cpu_idle,0.00056607476825
23.658751,23.658812,6.09999988228e-05,core 2 cpu_frequency,4.28983345721e-05
23.658812,23.708739,0.0499269999855,core 2 cpu_idle,0.000709113180794
23.708739,23.708769,2.99999956042e-05,core 2 cpu_frequency,2.10975389086e-05
23.708769,23.808745,0.0999759999977,core 2 cpu_idle,0.00141995912797
23.808745,23.80905,0.000305000023218,core 2 cpu_frequency,0.000214491693328
23.80905,23.858763,0.0497129999858,core 2 cpu_idle,0.000706073738798
23.858763,23.858794,3.10000032187e-05,core 2 cpu_frequency,2.18007956635e-05
23.858794,24.058959,0.200164999987,core 2 cpu_idle,0.00284294349482
24.058959,24.061247,0.00228800001787,core 2 cpu_frequency,0.00222554356618
24.061247,25.00894,0.947692999995,core 2 cpu_idle,0.0134600836789
25.00894,25.009001,6.09999988228e-05,core 2 cpu_frequency,4.28983345721e-05
25.009001,25.118956,0.109954999993,core 2 cpu_idle,0.0015616908649
25.118956,25.119139,0.000182999996468,core 2 cpu_frequency,0.000128695003716
25.119139,25.208769,0.0896300000022,core 2 cpu_idle,0.00127301489003
25.208769,25.2088,3.10000032187e-05,core 2 cpu_frequency,2.18007956635e-05
25.2088,25.258849,0.0500490000122,core 2 cpu_idle,0.000710845947174
25.258849,25.25894,9.0999994427e-05,core 2 cpu_frequency,3.41951407058e-05
25.25894,25.313994,0.0550539999967,core 2 cpu_idle,0.000781931961954
25.313994,25.31436,0.000365999992937,core 2 cpu_frequency,0.000257390007433
25.31436,25.458739,0.144379000005,core 2 cpu_idle,0.00205061493707
25.458739,25.458769,2.99999956042e-05,core 2 cpu_frequency,2.10975389086e-05
25.458769,25.50891,0.0501410000143,core 2 cpu_idle,0.000712152623203
25.50891,25.525176,0.0162659999914,core 2 cpu_frequency,0.0114390872664
25.525176,25.608733,0.0835570000054,core 2 cpu_idle,0.00118676007108
25.608733,25.608763,2.99999956042e-05,core 2 cpu_frequency,2.10975389086e-05
25.608763,25.658751,0.0499880000134,core 2 cpu_idle,0.00070997956419
25.658751,25.659026,0.00027499999851,core 2 cpu_frequency,0.000193394133952
25.659026,25.808806,0.149779999978,core 2 cpu_idle,0.00212732533969
25.808806,25.808836,3.0000024708e-05,core 2 cpu_frequency,2.10975593759e-05
25.808836,25.918791,0.109954999993,core 2 cpu_idle,0.0015616908649
25.918791,25.918822,3.10000032187e-05,core 2 cpu_frequency,2.18007956635e-05
25.918822,25.968749,0.0499269999855,core 2 cpu_idle,0.000709113180794
25.968749,25.96881,6.09999988228e-05,core 2 cpu_frequency,4.28983345721e-05
25.96881,26.908934,0.940124000015,core 2 cpu_idle,0.0133525811722
26.908934,26.910796,0.00186200000462,core 2 cpu_frequency,0.0018111722457
26.910796,27.20883,0.298033999978,core 2 cpu_idle,0.00423297690168
27.20883,27.208891,6.09999988228e-05,core 2 cpu_frequency,4.28983345721e-05
27.208891,27.258757,0.0498660000158,core 2 cpu_idle,0.000708246798224
27.258757,27.259001,0.000243999995291,core 2 cpu_frequency,0.000171593338289
0.0,11.520995,11.520995,core 3 cpu_idle start,0.163632691985
11.520995,11.808836,0.287841000012,core 3 cpu_idle,0.00408820572317
11.808836,11.808898,6.19999773335e-05,core 3 cpu_frequency,4.36015708597e-05
11.808898,11.858763,0.0498650000081,core 3 cpu_idle,0.000708232595116
11.858763,11.858824,6.09999988228e-05,core 3 cpu_frequency,4.28983345721e-05
11.858824,11.909026,0.0502020000131,core 3 cpu_idle,0.000713019006186
11.909026,11.909087,6.09999988228e-05,core 3 cpu_frequency,4.28983345721e-05
11.909087,11.958739,0.049651999987,core 3 cpu_idle,0.000705207355815
11.958739,11.958769,2.99999956042e-05,core 3 cpu_frequency,2.10975389086e-05
11.958769,13.458739,1.49997,core 3 cpu_idle,0.0213040739101
13.458739,13.458769,2.99999956042e-05,core 3 cpu_frequency,2.10975389086e-05
13.458769,13.508757,0.0499880000134,core 3 cpu_idle,0.00070997956419
13.508757,13.508818,6.09999988228e-05,core 3 cpu_frequency,4.28983345721e-05
13.508818,13.568755,0.0599369999836,core 3 cpu_idle,0.000851285210767
13.568755,13.568785,3.0000024708e-05,core 3 cpu_frequency,2.10975593759e-05
13.568785,13.611937,0.0431519999984,core 3 cpu_idle,0.000612887855977
13.611937,13.611968,3.09999741148e-05,core 3 cpu_frequency,2.18007751962e-05
13.611968,15.509917,1.89794900001,core 3 cpu_idle,0.0269565696471
15.509917,15.510008,9.0999994427e-05,core 3 cpu_frequency,8.85159311791e-05
15.510008,15.808836,0.298828000028,core 3 cpu_idle,0.0042442540844
15.808836,15.811217,0.00238099999842,core 3 cpu_frequency,0.00167444158229
15.811217,16.358733,0.547515999991,core 3 cpu_idle,0.00777636974788
16.358733,16.358763,2.99999956042e-05,core 3 cpu_frequency,2.10975389086e-05
16.358763,16.408751,0.0499880000134,core 3 cpu_idle,0.00070997956419
16.408751,16.408782,3.09999741148e-05,core 3 cpu_frequency,2.18007751962e-05
16.408782,16.458739,0.0499570000102,core 3 cpu_idle,0.000709539271145
16.458739,16.459136,0.000396999996156,core 3 cpu_frequency,0.000279190803096
16.459136,16.508757,0.0496210000128,core 3 cpu_idle,0.000704767063182
16.508757,16.508788,3.10000032187e-05,core 3 cpu_frequency,2.18007956635e-05
16.508788,18.608733,2.09994499999,core 3 cpu_idle,0.0298255188349
18.608733,18.608763,2.99999956042e-05,core 3 cpu_frequency,2.10975389086e-05
18.608763,18.658751,0.0499880000134,core 3 cpu_idle,0.00070997956419
18.658751,18.658782,3.09999741148e-05,core 3 cpu_frequency,2.18007751962e-05
18.658782,18.708739,0.0499570000102,core 3 cpu_idle,0.000709539271145
18.708739,18.708769,2.99999956042e-05,core 3 cpu_frequency,2.10975389086e-05
18.708769,18.758757,0.0499880000134,core 3 cpu_idle,0.00070997956419
18.758757,18.758788,3.10000032187e-05,core 3 cpu_frequency,2.18007956635e-05
18.758788,19.808836,1.050048,core 3 cpu_idle,0.0149138317441
19.808836,19.808867,3.09999741148e-05,core 3 cpu_frequency,2.18007751962e-05
19.808867,19.858946,0.0500790000078,core 3 cpu_idle,0.000711272037111
19.858946,19.858977,3.10000032187e-05,core 3 cpu_frequency,2.18007956635e-05
19.858977,20.008849,0.149872000009,core 3 cpu_idle,0.00212863201613
20.008849,20.008879,2.99999956042e-05,core 3 cpu_frequency,2.10975389086e-05
20.008879,20.30905,0.30017100001,core 3 cpu_idle,0.00426332871314
20.30905,20.309111,6.09999988228e-05,core 3 cpu_frequency,5.93348574549e-05
20.309111,20.408934,0.0998229999968,core 3 cpu_idle,0.00141778606895
20.408934,20.408965,3.10000032187e-05,core 3 cpu_frequency,2.18007956635e-05
20.408965,20.508788,0.0998229999968,core 3 cpu_idle,0.00141778606895
20.508788,20.508818,2.99999956042e-05,core 3 cpu_frequency,2.10975389086e-05
20.508818,20.568785,0.0599670000083,core 3 cpu_idle,0.000851711301118
20.568785,22.871062,2.30227699998,core 3 cpu_frequency,1.61907952342
22.871062,22.909056,0.037994000013,core 3 cpu_idle,0.000539628782184
22.909056,22.957518,0.0484620000061,core 3 cpu_frequency,0.0471391134071
22.957518,23.618956,0.661437999981,core 3 cpu_idle,0.00939440391373
23.618956,23.618987,3.10000032187e-05,core 3 cpu_frequency,2.18007956635e-05
23.618987,23.708739,0.0897519999999,core 3 cpu_idle,0.001274747656
23.708739,23.708769,2.99999956042e-05,core 3 cpu_frequency,2.10975389086e-05
23.708769,23.75894,0.0501710000099,core 3 cpu_idle,0.00071257871314
23.75894,24.771452,1.01251199999,core 3 cpu_frequency,0.984873054918
24.771452,25.008849,0.237397000019,core 3 cpu_idle,0.00337174959127
25.008849,25.00891,6.09999988228e-05,core 3 cpu_frequency,4.28983345721e-05
25.00891,27.00894,2.00003,core 3 cpu_idle,0.0284064260899
27.00894,27.009032,9.20000020415e-05,core 3 cpu_frequency,6.46991302357e-05
27.009032,27.058745,0.0497129999858,core 3 cpu_idle,0.000706073738798
27.058745,27.058775,2.99999956042e-05,core 3 cpu_frequency,2.10975389086e-05
27.058775,27.109099,0.0503240000107,core 3 cpu_idle,0.000714751772152
